{
  "dimension": "patience",
  "method": "mean_diff",
  "best_preset": "late",
  "best_layers": [
    21
  ],
  "best_alpha": 30.0,
  "avg_delta": 0.14809999999999995,
  "buyer_delta": 0.7553,
  "seller_delta": -0.45910000000000006,
  "buyer_midpt": 0.9511,
  "seller_midpt": -0.6549,
  "avg_agree_rate": 0.45,
  "run_info": {
    "model": "llama3-3b",
    "s1_games": 10,
    "s2_games": 10,
    "probe_alpha": 5.0,
    "alphas": [
      -30.0,
      -20.0,
      -15.0,
      -10.0,
      -5.0,
      5.0,
      10.0,
      15.0,
      20.0,
      25.0,
      30.0
    ],
    "temperature": 0.0,
    "seed": 42,
    "timestamp": "2026-03-21T12:39:57.372717"
  }
}