{
  "dimension": "clarity_and_directness",
  "method": "mean_diff",
  "best_preset": "late",
  "best_layers": [
    21
  ],
  "best_alpha": -15.0,
  "avg_delta": 0.7098500000000001,
  "buyer_delta": 1.9137000000000002,
  "seller_delta": -0.494,
  "buyer_midpt": 2.1095,
  "seller_midpt": -0.6898,
  "avg_agree_rate": 0.6499999999999999,
  "run_info": {
    "model": "llama3-3b",
    "s1_games": 10,
    "s2_games": 10,
    "probe_alpha": 5.0,
    "alphas": [
      -30.0,
      -20.0,
      -15.0,
      -10.0,
      -5.0,
      5.0,
      10.0,
      15.0,
      20.0,
      25.0,
      30.0
    ],
    "temperature": 0.0,
    "seed": 42,
    "timestamp": "2026-03-21T16:35:52.554468"
  }
}