{
  "dimension": "active_listening",
  "method": "mean_diff",
  "best_preset": "late",
  "best_layers": [
    21
  ],
  "best_alpha": -30.0,
  "avg_delta": 0.64605,
  "buyer_delta": 0.5577999999999999,
  "seller_delta": 0.7343000000000001,
  "buyer_midpt": 2.2649,
  "seller_midpt": -0.9728,
  "avg_agree_rate": 0.7,
  "run_info": {
    "model": "llama3-3b",
    "s1_games": 10,
    "s2_games": 10,
    "probe_alpha": 5.0,
    "alphas": [
      -30.0,
      -20.0,
      -15.0,
      -10.0,
      -5.0,
      5.0,
      10.0,
      15.0,
      20.0,
      25.0,
      30.0
    ],
    "temperature": 0.0,
    "seed": 42,
    "timestamp": "2026-03-21T00:53:13.500175"
  }
}