{
  "dimension": "information_gathering",
  "method": "mean_diff",
  "best_preset": "late",
  "best_layers": [
    21
  ],
  "best_alpha": 10.0,
  "avg_delta": 0.3687999999999998,
  "buyer_delta": 2.3379999999999996,
  "seller_delta": -1.6004,
  "buyer_midpt": 2.5338,
  "seller_midpt": -1.7962,
  "avg_agree_rate": 0.75,
  "run_info": {
    "model": "llama3-3b",
    "s1_games": 10,
    "s2_games": 10,
    "probe_alpha": 5.0,
    "alphas": [
      -30.0,
      -20.0,
      -15.0,
      -10.0,
      -5.0,
      5.0,
      10.0,
      15.0,
      20.0,
      25.0,
      30.0
    ],
    "temperature": 0.0,
    "seed": 42,
    "timestamp": "2026-03-21T15:16:01.404890"
  }
}