{
  "dimension": "value_creation",
  "method": "mean_diff",
  "best_preset": "late",
  "best_layers": [
    27
  ],
  "best_alpha": 20.0,
  "avg_delta": 0.5436000000000001,
  "buyer_delta": 0.033399999999999985,
  "seller_delta": 1.0538,
  "buyer_midpt": 0.9911,
  "seller_midpt": 0.0961,
  "avg_agree_rate": 0.6,
  "run_info": {
    "model": "qwen2.5-3b",
    "s1_games": 10,
    "s2_games": 10,
    "probe_alpha": 5.0,
    "alphas": [
      -30.0,
      -20.0,
      -15.0,
      -10.0,
      -5.0,
      5.0,
      10.0,
      15.0,
      20.0,
      25.0,
      30.0
    ],
    "temperature": 0.0,
    "seed": 42,
    "timestamp": "2026-03-22T03:02:38.953266"
  }
}