{
  "dimension": "anchoring",
  "method": "mean_diff",
  "best_preset": "middle_late",
  "best_layers": [
    14,
    21
  ],
  "best_alpha": 15.0,
  "avg_delta": 0.4713999999999998,
  "buyer_delta": 2.0877999999999997,
  "seller_delta": -1.145,
  "buyer_midpt": 2.2836,
  "seller_midpt": -1.3408,
  "avg_agree_rate": 0.6,
  "run_info": {
    "model": "llama3-3b",
    "s1_games": 10,
    "s2_games": 10,
    "probe_alpha": 5.0,
    "alphas": [
      -30.0,
      -20.0,
      -15.0,
      -10.0,
      -5.0,
      5.0,
      10.0,
      15.0,
      20.0,
      25.0,
      30.0
    ],
    "temperature": 0.0,
    "seed": 42,
    "timestamp": "2026-03-21T07:21:25.368613"
  }
}