{
  "dimension": "firmness",
  "method": "mean_diff",
  "best_preset": "late",
  "best_layers": [
    27
  ],
  "best_alpha": 5.0,
  "avg_delta": 0.026150000000000034,
  "buyer_delta": 0.21000000000000008,
  "seller_delta": -0.1577,
  "buyer_midpt": 0.5046,
  "seller_midpt": -0.4523,
  "avg_agree_rate": 0.8500000000000001,
  "run_info": {
    "model": "qwen2.5-3b",
    "s1_games": 10,
    "s2_games": 10,
    "probe_alpha": 5.0,
    "alphas": [
      -7.0,
      -5.0,
      -3.0,
      3.0,
      5.0,
      7.0
    ],
    "temperature": 0.0,
    "seed": 42,
    "timestamp": "2026-03-18T11:54:18.173402"
  }
}