{
  "dimension": "interest_based_reasoning",
  "method": "mean_diff",
  "best_preset": "late",
  "best_layers": [
    21
  ],
  "best_alpha": -30.0,
  "avg_delta": 1.47355,
  "buyer_delta": 3.8770999999999995,
  "seller_delta": -0.9299999999999999,
  "buyer_midpt": 4.0729,
  "seller_midpt": -1.1258,
  "avg_agree_rate": 0.44999999999999996,
  "run_info": {
    "model": "llama3-3b",
    "s1_games": 10,
    "s2_games": 10,
    "probe_alpha": 5.0,
    "alphas": [
      -30.0,
      -20.0,
      -15.0,
      -10.0,
      -5.0,
      5.0,
      10.0,
      15.0,
      20.0,
      25.0,
      30.0
    ],
    "temperature": 0.0,
    "seed": 42,
    "timestamp": "2026-03-21T03:29:37.202005"
  }
}