{
  "dimension": "firmness",
  "method": "mean_diff",
  "best_preset": "late",
  "best_layers": [
    27
  ],
  "best_alpha": -30.0,
  "avg_delta": 0.33840000000000003,
  "buyer_delta": -0.0020000000000000018,
  "seller_delta": 0.6788000000000001,
  "buyer_midpt": 0.9557,
  "seller_midpt": -0.2789,
  "avg_agree_rate": 0.95,
  "run_info": {
    "model": "qwen2.5-3b",
    "s1_games": 10,
    "s2_games": 10,
    "probe_alpha": 5.0,
    "alphas": [
      -30.0,
      -20.0,
      -15.0,
      -10.0,
      -5.0,
      5.0,
      10.0,
      15.0,
      20.0,
      25.0,
      30.0
    ],
    "temperature": 0.0,
    "seed": 42,
    "timestamp": "2026-03-20T02:14:33.490024"
  }
}