{
  "dimension": "firmness",
  "method": "mean_diff",
  "best_preset": "late",
  "best_layers": [
    21
  ],
  "best_alpha": -5.0,
  "avg_delta": 0.08279999999999998,
  "buyer_delta": -1.1535000000000002,
  "seller_delta": 1.3191000000000002,
  "buyer_midpt": 0.5536,
  "seller_midpt": -0.388,
  "avg_agree_rate": 0.9,
  "run_info": {
    "model": "llama3-3b",
    "s1_games": 10,
    "s2_games": 10,
    "probe_alpha": 5.0,
    "alphas": [
      -30.0,
      -20.0,
      -15.0,
      -10.0,
      -5.0,
      5.0,
      10.0,
      15.0,
      20.0,
      25.0,
      30.0
    ],
    "temperature": 0.0,
    "seed": 42,
    "timestamp": "2026-03-20T22:15:19.726819"
  }
}