{
  "negotiation": {
    "firmness": [
      0.9199999999999999,
      0.96,
      1.0,
      1.0,
      1.0,
      1.0,
      1.0,
      1.0,
      1.0,
      1.0,
      1.0,
      1.0,
      1.0,
      1.0,
      1.0,
      1.0,
      1.0,
      0.96,
      0.96,
      0.96,
      1.0,
      1.0,
      1.0,
      0.96,
      0.96,
      0.96,
      0.96,
      0.96,
      0.9199999999999999,
      0.9199999999999999,
      0.9199999999999999,
      0.9199999999999999,
      0.9199999999999999,
      0.9199999999999999,
      0.9199999999999999,
      0.9199999999999999
    ],
    "empathy": [
      1.0,
      1.0,
      1.0,
      1.0,
      1.0,
      1.0,
      1.0,
      1.0,
      1.0,
      1.0,
      1.0,
      1.0,
      1.0,
      1.0,
      1.0,
      1.0,
      1.0,
      1.0,
      1.0,
      1.0,
      1.0,
      1.0,
      1.0,
      1.0,
      1.0,
      1.0,
      1.0,
      1.0,
      1.0,
      1.0,
      0.96,
      0.96,
      0.96,
      0.9199999999999999,
      0.9199999999999999,
      0.9199999999999999
    ]
  },
  "control": {
    "verbosity": [
      1.0,
      1.0,
      1.0,
      1.0,
      1.0,
      1.0,
      1.0,
      1.0,
      1.0,
      1.0,
      1.0,
      1.0,
      1.0,
      1.0,
      1.0,
      1.0,
      1.0,
      1.0,
      1.0,
      1.0,
      1.0,
      1.0,
      1.0,
      1.0,
      1.0,
      1.0,
      1.0,
      1.0,
      1.0,
      1.0,
      1.0,
      1.0,
      1.0,
      1.0,
      1.0,
      1.0
    ],
    "formality": [
      0.9,
      0.9,
      1.0,
      1.0,
      1.0,
      1.0,
      1.0,
      1.0,
      1.0,
      1.0,
      1.0,
      1.0,
      1.0,
      1.0,
      1.0,
      1.0,
      1.0,
      1.0,
      1.0,
      1.0,
      1.0,
      1.0,
      0.9,
      1.0,
      1.0,
      1.0,
      1.0,
      0.9,
      0.9,
      0.9,
      0.9,
      0.8333333333333333,
      0.9,
      0.7666666666666666,
      0.7,
      0.7
    ]
  },
  "bias": {
    "firmness_vs_verbosity": [
      2.73431658744812,
      4.262804985046387,
      4.815730094909668,
      4.243273735046387,
      5.167970180511475,
      6.0049896240234375,
      6.9254961013793945,
      6.100592613220215,
      6.424941539764404,
      5.7133026123046875,
      6.112424850463867,
      4.599608421325684,
      5.537055492401123,
      6.897047519683838,
      7.512129783630371,
      8.182024002075195,
      8.458003997802734,
      7.028378486633301,
      7.732534408569336,
      6.8040032386779785,
      5.206319808959961,
      4.199121952056885,
      4.075090408325195,
      3.718156337738037,
      3.3420441150665283,
      4.104675769805908,
      6.21863317489624,
      9.156866073608398,
      12.060047149658203,
      14.441168785095215,
      21.24455451965332,
      23.152299880981445,
      29.702274322509766,
      36.25412368774414,
      47.66947937011719,
      24.001192092895508
    ],
    "firmness_vs_formality": [
      1.231268286705017,
      1.5925743579864502,
      3.802178382873535,
      4.022549152374268,
      4.527820110321045,
      4.750583648681641,
      5.439850330352783,
      7.225521087646484,
      6.962103843688965,
      6.547332763671875,
      6.623311519622803,
      7.970185279846191,
      7.350529193878174,
      8.425979614257812,
      7.981935501098633,
      8.321425437927246,
      7.246757984161377,
      6.388853549957275,
      6.868781089782715,
      6.379118919372559,
      5.4797139167785645,
      5.201444625854492,
      5.513677597045898,
      5.794346809387207,
      6.070633411407471,
      6.50014591217041,
      7.602250099182129,
      7.640897750854492,
      8.09200382232666,
      8.29856014251709,
      10.141385078430176,
      12.943673133850098,
      14.328157424926758,
      16.268274307250977,
      20.559492111206055,
      12.68713665008545
    ],
    "empathy_vs_verbosity": [
      3.9790706634521484,
      5.576090335845947,
      5.6295952796936035,
      5.701724052429199,
      7.141980171203613,
      8.321394920349121,
      9.388798713684082,
      10.004680633544922,
      10.173603057861328,
      10.56114387512207,
      11.826181411743164,
      14.007728576660156,
      13.728484153747559,
      15.539254188537598,
      15.954025268554688,
      16.35892105102539,
      16.278396606445312,
      15.772008895874023,
      15.748071670532227,
      13.974233627319336,
      11.85268783569336,
      10.141692161560059,
      9.287575721740723,
      7.804307460784912,
      8.384845733642578,
      9.531723976135254,
      10.170255661010742,
      12.251619338989258,
      13.56472396850586,
      14.928811073303223,
      22.021163940429688,
      25.526050567626953,
      32.07624053955078,
      35.63713836669922,
      50.572452545166016,
      24.91445541381836
    ],
    "empathy_vs_formality": [
      0.9994755387306213,
      1.5371568202972412,
      4.896249294281006,
      4.680992126464844,
      4.089292049407959,
      4.274298667907715,
      4.419458389282227,
      5.476197242736816,
      5.239806652069092,
      4.944766044616699,
      4.277065277099609,
      4.416234970092773,
      4.453120231628418,
      4.965652942657471,
      5.258438587188721,
      4.875614166259766,
      4.562468528747559,
      3.7211127281188965,
      3.3211700916290283,
      3.502479076385498,
      3.251934051513672,
      2.971712589263916,
      3.9209437370300293,
      4.013278484344482,
      4.147758483886719,
      4.937653541564941,
      6.282657623291016,
      6.643959999084473,
      6.640869140625,
      7.031346321105957,
      8.767704010009766,
      9.590030670166016,
      8.432233810424805,
      11.000629425048828,
      13.10824203491211,
      7.269081115722656
    ]
  }
}