{
  "dimension": "patience",
  "method": "mean_diff",
  "best_preset": "late",
  "best_layers": [
    27
  ],
  "best_alpha": -30.0,
  "avg_delta": 0.49720000000000003,
  "buyer_delta": 0.07840000000000003,
  "seller_delta": 0.916,
  "buyer_midpt": 1.0361,
  "seller_midpt": -0.0417,
  "avg_agree_rate": 1.0,
  "run_info": {
    "model": "qwen2.5-3b",
    "s1_games": 10,
    "s2_games": 10,
    "probe_alpha": 5.0,
    "alphas": [
      -30.0,
      -20.0,
      -15.0,
      -10.0,
      -5.0,
      5.0,
      10.0,
      15.0,
      20.0,
      25.0,
      30.0
    ],
    "temperature": 0.0,
    "seed": 42,
    "timestamp": "2026-03-22T02:23:11.065439"
  }
}