{
  "dimension": "emotional_regulation",
  "method": "mean_diff",
  "best_preset": "late",
  "best_layers": [
    27
  ],
  "best_alpha": -30.0,
  "avg_delta": 0.5016499999999999,
  "buyer_delta": 0.04689999999999994,
  "seller_delta": 0.9564,
  "buyer_midpt": 1.0046,
  "seller_midpt": -0.0013,
  "avg_agree_rate": 1.0,
  "run_info": {
    "model": "qwen2.5-3b",
    "s1_games": 10,
    "s2_games": 10,
    "probe_alpha": 5.0,
    "alphas": [
      -30.0,
      -20.0,
      -15.0,
      -10.0,
      -5.0,
      5.0,
      10.0,
      15.0,
      20.0,
      25.0,
      30.0
    ],
    "temperature": 0.0,
    "seed": 42,
    "timestamp": "2026-03-20T05:35:33.282554"
  }
}