{
  "dimension": "firmness",
  "method": "mean_diff",
  "best_preset": "fixed",
  "best_layers": [
    12,
    16,
    18,
    20,
    22,
    24,
    26,
    27,
    28,
    30
  ],
  "best_alpha": 5.0,
  "avg_delta": -0.02654999999999999,
  "buyer_delta": -0.09129999999999994,
  "seller_delta": 0.038199999999999956,
  "buyer_midpt": 0.4253,
  "seller_midpt": -0.4784,
  "avg_agree_rate": 0.95,
  "run_info": {
    "model": "qwen2.5-3b",
    "s1_games": 20,
    "s2_games": 20,
    "probe_alpha": 5.0,
    "alphas": [
      -15.0,
      -5.0,
      5.0,
      15.0,
      25.0
    ],
    "two_pass": true,
    "min_span": 200,
    "dataset_split": "train",
    "temperature": 0.0,
    "seed": 42,
    "timestamp": "2026-03-23T12:49:04.520351"
  }
}